{"haystack_evals": {"map_evaluator": 0.8066666666666668, "mrr_evaluator": 0.8066666666666668, "recall_evaluator": 0.9, "sas_evaluator": 0.528661709278822}}